Iteration,MMD,refined MMD
1,0.04264392,0.034367613
2,0.023673192,0.011855379
3,0.032340944,0.022029378
4,0.12216683,0.11287267
5,0.12362175,0.117534116
6,0.21553653,0.17504957
7,0.100196466,0.07352732
8,0.15874767,0.11632324
9,0.22228867,0.17455128
10,0.17664218,0.11494937
