Experiment_Index,runtime,bias,accpt_rate
0,00:21:17,0.71530986,0.013086
1,00:20:23,0.66976535,0.009002
2,00:20:13,0.6840487,0.009558
3,00:20:27,0.6432142,0.009364
4,00:21:06,0.5734823,0.009514
5,00:20:23,0.6594931,0.009864
6,00:20:18,0.68510115,0.009706
7,00:20:45,0.6867063,0.007878
8,00:19:30,0.63163024,0.008714
9,00:19:52,0.66699743,0.011058
