Experiment_Index,runtime,bias,accpt_rate
0,00:21:36,0.32821748,0.001
1,00:20:43,0.447329,0.001076
2,00:20:30,0.5873818,0.001012
3,00:20:40,0.31986377,0.001004
4,00:20:59,0.43776405,0.000556
5,00:20:32,0.20851102,0.001572
6,00:20:27,0.2965932,0.00134
7,00:20:56,0.45320323,0.001226
8,00:20:40,0.32337067,0.00178
9,00:20:38,0.36325514,0.001372
