,model,benchmark,mean_bias,refined_mean_bias,median_bias,refined_median_bias
0,nn_prior,lv,0.146893214,0.01806166285,0.14778766999999998,0.0099609755
1,bf,lv,0.16615852339999998,0.02015837953,0.16004460999999998,0.0086212085
2,dnnabc,lv,0.661574863,,0.66838139,
3,w2,lv,2.4508062012312375,,2.4587734436159776,
4,nn,sir,0.0746264696,0.0018988116510000002,0.08016688999999999,0.00154298935
5,bf,sir,0.0041138710999999994,0.0032093131500000004,0.0036678509999999998,0.00307678585
6,dnnabc,sir,0.010164768939999999,,0.008890228,
7,w2,sir,0.045396357195969475,,0.0422351830562985,
