,model,benchmark,mean_mmd,refined_mean_mmd,median_mmd,refined_median_mmd
0,nn,toy_example,0.0342724009,0.013908406330000001,0.0304384975,0.0126022475
1,bf,toy_example,0.024483591300000003,0.0170675768,0.026694830500000002,0.015023101
2,dnnabc,toy_example,0.132373988,,0.13225222,
3,w2,toy_example,0.130966615,,0.130986445,
